{
	"parent": "item/handheld",
	"textures": {
		"layer0": "item/stone_sword"
	},
	"overrides": [
	{ "predicate": { "damaged": 0,"damage": 0.000 }, "model": "item/stone_sword"},
 
 
 
 { "predicate": { "damaged": 0,"damage": 0.007 }, "model": "cm:painting/01"},
 { "predicate": { "damaged": 0,"damage": 0.015 }, "model": "cm:painting/02"},
 { "predicate": { "damaged": 0,"damage": 0.022 }, "model": "cm:painting/03"},
 { "predicate": { "damaged": 0,"damage": 0.030 }, "model": "cm:painting/04"},
 { "predicate": { "damaged": 0,"damage": 0.038 }, "model": "cm:painting/05"},
 { "predicate": { "damaged": 0,"damage": 0.045 }, "model": "cm:painting/06"},
 { "predicate": { "damaged": 0,"damage": 0.053 }, "model": "cm:painting/07"},
 { "predicate": { "damaged": 0,"damage": 0.061 }, "model": "cm:painting/08"},
 { "predicate": { "damaged": 0,"damage": 0.068 }, "model": "cm:painting/09"},
 { "predicate": { "damaged": 0,"damage": 0.076 }, "model": "cm:painting/10"},
 { "predicate": { "damaged": 0,"damage": 0.083 }, "model": "cm:painting/11"},
 { "predicate": { "damaged": 0,"damage": 0.091 }, "model": "cm:painting/12"},
 { "predicate": { "damaged": 0,"damage": 0.099 }, "model": "cm:painting/13"},
 { "predicate": { "damaged": 0,"damage": 0.106 }, "model": "cm:painting/14"},
 { "predicate": { "damaged": 0,"damage": 0.114 }, "model": "cm:painting/15"},
 { "predicate": { "damaged": 0,"damage": 0.122 }, "model": "cm:painting/16"},
 { "predicate": { "damaged": 0,"damage": 0.129 }, "model": "cm:painting/17"},
 { "predicate": { "damaged": 0,"damage": 0.137 }, "model": "cm:image/spring_couplets1"},
 { "predicate": { "damaged": 0,"damage": 0.145 }, "model": "cm:image/spring_couplets2"},
 { "predicate": { "damaged": 0,"damage": 0.152 }, "model": "cm:image/spring_couplets3"},
 { "predicate": { "damaged": 0,"damage": 0.160 }, "model": "cm:image/spring_couplets4"},
 { "predicate": { "damaged": 0,"damage": 0.167 }, "model": "cm:image/spring_couplets5"},
 { "predicate": { "damaged": 0,"damage": 0.175 }, "model": "cm:image/spring_couplets6"},
 { "predicate": { "damaged": 0,"damage": 0.183 }, "model": "cm:image/spring_couplets7"},
 { "predicate": { "damaged": 0,"damage": 0.190 }, "model": "cm:image/spring_couplets8"},
 { "predicate": { "damaged": 0,"damage": 0.198 }, "model": "cm:image/spring_couplets9"},
 { "predicate": { "damaged": 0,"damage": 0.206 }, "model": "cm:image/spring_couplets10"},
 { "predicate": { "damaged": 0,"damage": 0.213 }, "model": "cm:image/spring_couplets11"},
 { "predicate": { "damaged": 0,"damage": 0.221 }, "model": "cm:image/spring_couplets12"},
 { "predicate": { "damaged": 0,"damage": 0.229 }, "model": "cm:image/spring_couplets13"},
 { "predicate": { "damaged": 0,"damage": 0.236 }, "model": "cm:image/spring_couplets14"},
 { "predicate": { "damaged": 0,"damage": 0.244 }, "model": "cm:image/spring_couplets15"},
 { "predicate": { "damaged": 0,"damage": 0.251 }, "model": "cm:image/spring_couplets16"},
 { "predicate": { "damaged": 0,"damage": 0.259 }, "model": "cm:image/scroll1"},
 { "predicate": { "damaged": 0,"damage": 0.267 }, "model": "cm:image/scroll2"},
 { "predicate": { "damaged": 0,"damage": 0.274 }, "model": "cm:image/scroll3"},
 { "predicate": { "damaged": 0,"damage": 0.282 }, "model": "cm:image/scroll4"},
 { "predicate": { "damaged": 0,"damage": 0.290 }, "model": "cm:image/scroll5"},
 { "predicate": { "damaged": 0,"damage": 0.297 }, "model": "cm:image/scroll6"},
 { "predicate": { "damaged": 0,"damage": 0.305 }, "model": "cm:image/scroll7"},
 { "predicate": { "damaged": 0,"damage": 0.312 }, "model": "cm:image/scroll8"},
 { "predicate": { "damaged": 0,"damage": 0.320 }, "model": "cm:image/spring"},
 { "predicate": { "damaged": 0,"damage": 0.328 }, "model": "cm:image/happiness"},
 { "predicate": { "damaged": 0,"damage": 0.335 }, "model": "cm:image/harvest"},
 { "predicate": { "damaged": 0,"damage": 0.343 }, "model": "cm:image/prosperous"},
 { "predicate": { "damaged": 0,"damage": 0.348 }, "model": "cm:image/tcp_logo"},
 
 { "predicate": { "damaged": 0,"damage": 0.363 }, "model": "cm:painting/18"},
 { "predicate": { "damaged": 0,"damage": 0.371 }, "model": "cm:painting/19"},
 { "predicate": { "damaged": 0,"damage": 0.378 }, "model": "cm:painting/20"},
 { "predicate": { "damaged": 0,"damage": 0.386 }, "model": "cm:painting/21"},
 { "predicate": { "damaged": 0,"damage": 0.393 }, "model": "cm:painting/22"},
 { "predicate": { "damaged": 0,"damage": 0.401 }, "model": "cm:painting/23"},
 { "predicate": { "damaged": 0,"damage": 0.409 }, "model": "cm:painting/24"},
 { "predicate": { "damaged": 0,"damage": 0.416 }, "model": "cm:painting/25"},
 { "predicate": { "damaged": 0,"damage": 0.424 }, "model": "cm:painting/26"},
 { "predicate": { "damaged": 0,"damage": 0.431 }, "model": "cm:painting/27"},
 { "predicate": { "damaged": 0,"damage": 0.439 }, "model": "cm:painting/28"},
 { "predicate": { "damaged": 0,"damage": 0.446 }, "model": "cm:painting/29"},
 { "predicate": { "damaged": 0,"damage": 0.454 }, "model": "cm:painting/30"},
 { "predicate": { "damaged": 0,"damage": 0.462 }, "model": "cm:painting/31"},
 { "predicate": { "damaged": 0,"damage": 0.469 }, "model": "cm:painting/32"},
 { "predicate": { "damaged": 0,"damage": 0.477 }, "model": "cm:painting/33"},
	
	
	
	
	
	
	
	
	
	
	
	
	
	
	
	
 { "predicate": { "damaged": 0,"damage": 0.610 }, "model": "cm:decor/purple_eye"},
 { "predicate": { "damaged": 0,"damage": 0.618 }, "model": "cm:decor/glass_helmet"},
 { "predicate": { "damaged": 0,"damage": 0.625 }, "model": "cm:decor/lash"},
 { "predicate": { "damaged": 0,"damage": 0.633 }, "model": "cm:decor/cat_breed"},
 { "predicate": { "damaged": 0,"damage": 0.641 }, "model": "cm:decor/black_framed_glasses"},
 { "predicate": { "damaged": 0,"damage": 0.648 }, "model": "cm:decor/orange_framed_glasses"},
 { "predicate": { "damaged": 0,"damage": 0.656 }, "model": "cm:decor/pants"},
 { "predicate": { "damaged": 0,"damage": 0.664 }, "model": "cm:decor/empire_hat"},
 { "predicate": { "damaged": 0,"damage": 0.671 }, "model": "cm:decor/glow_hat"},
 { "predicate": { "damaged": 0,"damage": 0.679 }, "model": "cm:decor/green_hat"},
 { "predicate": { "damaged": 0,"damage": 0.687 }, "model": "cm:decor/black_hat"},
 { "predicate": { "damaged": 0,"damage": 0.694 }, "model": "cm:decor/nurse_hat"},
 { "predicate": { "damaged": 0,"damage": 0.702 }, "model": "cm:decor/red_hat"},
 { "predicate": { "damaged": 0,"damage": 0.709 }, "model": "cm:painting/classical_painting"},
	
	
	
	
	
	
	
	
	
	
	
	
	
	
	
	
	
	
	
	
	
	
	
	
	
	
	
	
	
	
 { "predicate": { "damaged": 0,"damage": 0.938 }, "model": "cm:bookshelf/gui"},
 { "predicate": { "damaged": 0,"damage": 0.946 }, "model": "cm:machine/mob_projector_gui"},
 { "predicate": { "damaged": 0,"damage": 0.954 }, "model": "cm:machine/trade_machine_gui"},
 { "predicate": { "damaged": 0,"damage": 0.961 }, "model": "cm:machine/all_in_one_machine_gui"},
 { "predicate": { "damaged": 0,"damage": 0.969 }, "model": "cm:machine/crafting_machine_gui"},
 { "predicate": { "damaged": 0,"damage": 0.977 }, "model": "cm:machine/beacon_enhancer_gui"},
 { "predicate": { "damaged": 0,"damage": 0.984 }, "model": "cm:machine/beacon_enhancer"},
 { "predicate": { "damaged": 0,"damage": 0.992 }, "model": "cm:machine/golden_anvil_gui"},
 { "predicate": { "damaged": 1,"damage": 0 }, "model": "item/stone_sword"}

 ]
}