{
    "parent": "item/handheld",
    "textures": {
        "layer0": "item/wooden_pickaxe"
    },
	"overrides": [
		{ "predicate": { "damaged": 0,"damage": 0.00 }, "model": "item/wooden_pickaxe"},
		
		{ "predicate": { "damaged": 0,"damage": 0.01 }, "model": "cm:machine/effects/fire_resistance"},
		{ "predicate": { "damaged": 0,"damage": 0.03 }, "model": "cm:machine/effects/water_breathing"},
		{ "predicate": { "damaged": 0,"damage": 0.05 }, "model": "cm:machine/effects/night_vision"},
		{ "predicate": { "damaged": 0,"damage": 0.06 }, "model": "cm:machine/effects/invisibility"},
		{ "predicate": { "damaged": 0,"damage": 0.08 }, "model": "cm:machine/effects/saturation"},
		{ "predicate": { "damaged": 0,"damage": 0.10 }, "model": "cm:machine/effects/slowness"},
		{ "predicate": { "damaged": 0,"damage": 0.11 }, "model": "cm:machine/effects/weakness"},
		{ "predicate": { "damaged": 0,"damage": 0.13 }, "model": "cm:machine/effects/glowing"},
		{ "predicate": { "damaged": 0,"damage": 0.15 }, "model": "cm:machine/effects/poison"},
		{ "predicate": { "damaged": 0,"damage": 0.16 }, "model": "cm:machine/effects/wither"},
		
		{ "predicate": { "damaged": 1,"damage": 0 }, "model": "item/wooden_pickaxe"}
	]
}