{
    "parent": "block/slab_top",
    "display": {
        "thirdperson_righthand": {
            "rotation": [ 0, 0, 0 ],
            "translation": [ -1, -15, -12 ],
            "scale": [ 2, 2, 2 ]
        },
        "thirdperson_lefthand": {
            "rotation": [ 90, 180, 0 ],
            "translation": [ -6, -2, -12 ],
            "scale": [ 2, 2, 2 ]
        },
        "firstperson_lefthand": {
            "rotation": [ 0, 225, 0 ],
            "translation": [ 0, 0, 0 ],
            "scale": [ 0.40, 0.40, 0.40 ]
        },
        "firstperson_righthand": {
            "rotation": [ 0, 45, 0 ],
            "translation": [ 0, 0, 0],
            "scale": [ 0.4, 0.4, 0.4 ]
        },
        "gui": {
            "rotation": [ 30, 225, 0 ],
            "translation": [ 0, -4, 0],
            "scale":[ 0.625, 0.625, 0.625 ]
        },
        "ground": {
            "rotation": [ 0, 0, 0 ],
            "translation": [ 0, 3, 0],
            "scale":[ 0.25, 0.25, 0.25 ]
        },
        "fixed": {
            "rotation": [ 0, 0, 0 ],
            "translation": [ 0, -4, 0],
            "scale":[ 0.5, 0.5, 0.5 ]
        }
    }
}
