{
	"parent": "block/block",
	"textures": {
		"down": "cm:golem/down",
		"front": "cm:golem/front",
		"back": "cm:golem/back",
		"left": "cm:golem/left",
		"right": "cm:golem/right",
		"top": "cm:golem/top"
	},
	"elements": [
		{   "from": [ 1, 1, 1 ],
			"to": [ 15, 15, 15 ],
			"faces": {
				"down":  { "uv": [ 0, 0, 16, 16 ], "texture": "#down", "cullface": "down" },
				"up":	{ "uv": [ 0, 0, 16, 16 ], "texture": "#top" },
				"north": { "uv": [ 0, 0, 16, 16 ], "texture": "#front", "cullface": "north" },
				"south": { "uv": [ 0, 0, 16, 16 ], "texture": "#back", "cullface": "south" },
				"west":  { "uv": [ 0, 0, 16, 16 ], "texture": "#left", "cullface": "west" },
				"east":  { "uv": [ 0, 0, 16, 16 ], "texture": "#right", "cullface": "east" }
			}
		}
	]
}
