{
    "parent": "item/handheld",
    "textures": {
        "layer0": "item/wooden_shovel"
    },
	"overrides": [
		{ "predicate": { "damaged": 0,"damage": 0.000000000 }, "model": "item/wooden_shovel"},
		{ "predicate": { "damaged": 0,"damage": 0.016666667 }, "model": "cm:bookshelf/bookshelf1"},
		{ "predicate": { "damaged": 0,"damage": 0.033333333 }, "model": "cm:bookshelf/bookshelf2"},
		{ "predicate": { "damaged": 0,"damage": 0.050000000 }, "model": "cm:bookshelf/bookshelf3"},
		{ "predicate": { "damaged": 0,"damage": 0.066666667 }, "model": "cm:bookshelf/bookshelf4"},
		{ "predicate": { "damaged": 0,"damage": 0.083333333 }, "model": "cm:bookshelf/bookshelf5"},
		{ "predicate": { "damaged": 0,"damage": 0.100000000 }, "model": "cm:bookshelf/bookshelf6"},
		{ "predicate": { "damaged": 0,"damage": 0.116666667 }, "model": "cm:bookshelf/bookshelf7"},
		{ "predicate": { "damaged": 1,"damage": 0 }, "model": "item/wooden_shovel"}
	]
}